state.abb,Life.Exp.predict.Final.lm
AK,70.3581504994641
AR,69.4599499304205
CA,71.8845960139405
DE,71.0872416834461
HI,71.798520688395
KS,71.8795097667295
MA,72.3251436079134
MD,70.5822206208979
MS,68.9758034668619
MT,71.5186931786931
ND,71.8211331408199
NM,70.2313887515804
NY,70.8287745452055
OR,72.1497312137722
WY,71.1855623900103
