state.abb,Life.Exp.predict.Final.lm
AK,71.1549407946446
AR,69.6087240533234
CA,70.7730296721312
DE,71.3245364972591
HI,71.642029544756
KS,71.7571413060508
MA,72.061302977882
MD,70.8401620903919
MS,69.0235431341878
MT,71.541345105754
ND,72.5246383094845
NM,70.3846725455275
NY,70.2437825777573
OR,71.8234466771019
WY,71.2670942926364
